doc_key,level,scope,feature_name,z_plan,output_path,evidence_gathered,generated,self_check_passed,reviewed,batch_id,run_date,notes
application_inventory,0,application,—,z-discovery,L0-discovery/application-inventory.md,Y,Y,Y,N,batch-1,2026-08-25,"9 grounded, 6 unavailable, family A-output-structure"
as_is_assessment,0,application,—,z-quality,L0-discovery/as-is-assessment.md,Y,Y,Y,N,batch-1,2026-08-25,"6 grounded, 8 unavailable, family A-output-structure"
business_capabilities,1,application,—,z-business,L1-business-context/business-capabilities.md,Y,Y,Y,N,batch-1,2026-08-25,"4 grounded, 2 unavailable, family C-fixed"
business_features::acctfile-jcl,1,feature:ACCTFILE.jcl,ACCTFILE.jcl,z-business,L1-business-context/business-features/acctfile-jcl.md,Y,Y,Y,N,batch-1,2026-08-25,"2 grounded, 3 unavailable, family C-fixed"
business_features::batcmp-jcl,1,feature:BATCMP.jcl,BATCMP.jcl,z-business,L1-business-context/business-features/batcmp-jcl.md,Y,Y,Y,N,batch-1,2026-08-25,"2 grounded, 3 unavailable, family C-fixed"
business_features::bldcidb2-prc,1,feature:BLDCIDB2.prc,BLDCIDB2.prc,z-business,L1-business-context/business-features/bldcidb2-prc.md,Y,Y,Y,N,batch-1,2026-08-25,"2 grounded, 3 unavailable, family C-fixed"
business_features::bmscmp-jcl,1,feature:BMSCMP.jcl,BMSCMP.jcl,z-business,L1-business-context/business-features/bmscmp-jcl.md,Y,Y,Y,N,batch-1,2026-08-25,"2 grounded, 3 unavailable, family C-fixed"
business_features::buildbat-prc,1,feature:BUILDBAT.prc,BUILDBAT.prc,z-business,L1-business-context/business-features/buildbat-prc.md,Y,Y,Y,N,batch-1,2026-08-25,"2 grounded, 3 unavailable, family C-fixed"
business_features::buildbms-prc,1,feature:BUILDBMS.prc,BUILDBMS.prc,z-business,L1-business-context/business-features/buildbms-prc.md,Y,Y,Y,N,batch-1,2026-08-25,"2 grounded, 3 unavailable, family C-fixed"
business_features::buildonl-prc,1,feature:BUILDONL.prc,BUILDONL.prc,z-business,L1-business-context/business-features/buildonl-prc.md,Y,Y,Y,N,batch-1,2026-08-25,"2 grounded, 3 unavailable, family C-fixed"
business_features::cardfile-jcl,1,feature:CARDFILE.jcl,CARDFILE.jcl,z-business,L1-business-context/business-features/cardfile-jcl.md,Y,Y,Y,N,batch-1,2026-08-25,"2 grounded, 3 unavailable, family C-fixed"
business_features::cbadmcdj-jcl,1,feature:CBADMCDJ.jcl,CBADMCDJ.jcl,z-business,L1-business-context/business-features/cbadmcdj-jcl.md,Y,Y,Y,N,batch-1,2026-08-25,"2 grounded, 3 unavailable, family C-fixed"
business_features::cbexport-jcl,1,feature:CBEXPORT.jcl,CBEXPORT.jcl,z-business,L1-business-context/business-features/cbexport-jcl.md,Y,Y,Y,N,batch-1,2026-08-25,"3 grounded, 2 unavailable, family C-fixed"
business_features::cbimport-jcl,1,feature:CBIMPORT.jcl,CBIMPORT.jcl,z-business,L1-business-context/business-features/cbimport-jcl.md,Y,Y,Y,N,batch-1,2026-08-25,"3 grounded, 2 unavailable, family C-fixed"
business_features::cbpaup0j-jcl,1,feature:CBPAUP0J.jcl,CBPAUP0J.jcl,z-business,L1-business-context/business-features/cbpaup0j-jcl.md,Y,Y,Y,N,batch-1,2026-08-25,"2 grounded, 3 unavailable, family C-fixed"
business_features::ciccmp-jcl,1,feature:CICCMP.jcl,CICCMP.jcl,z-business,L1-business-context/business-features/ciccmp-jcl.md,Y,Y,Y,N,batch-1,2026-08-25,"2 grounded, 3 unavailable, family C-fixed"
business_features::cicdbcmp-jcl,1,feature:CICDBCMP.jcl,CICDBCMP.jcl,z-business,L1-business-context/business-features/cicdbcmp-jcl.md,Y,Y,Y,N,batch-1,2026-08-25,"2 grounded, 3 unavailable, family C-fixed"
business_features::closefil-jcl,1,feature:CLOSEFIL.jcl,CLOSEFIL.jcl,z-business,L1-business-context/business-features/closefil-jcl.md,Y,Y,Y,N,batch-1,2026-08-25,"2 grounded, 3 unavailable, family C-fixed"
business_features::coactup,1,feature:COACTUP,COACTUP,z-business,L1-business-context/business-features/coactup.md,Y,Y,Y,N,batch-1,2026-08-25,"2 grounded, 3 unavailable, family C-fixed"
business_features::coactvw,1,feature:COACTVW,COACTVW,z-business,L1-business-context/business-features/coactvw.md,Y,Y,Y,N,batch-1,2026-08-25,"2 grounded, 3 unavailable, family C-fixed"
business_features::coadm01,1,feature:COADM01,COADM01,z-business,L1-business-context/business-features/coadm01.md,Y,Y,Y,N,batch-1,2026-08-25,"2 grounded, 3 unavailable, family C-fixed"
business_features::cobil00,1,feature:COBIL00,COBIL00,z-business,L1-business-context/business-features/cobil00.md,Y,Y,Y,N,batch-1,2026-08-25,"2 grounded, 3 unavailable, family C-fixed"
business_features::cocrdli,1,feature:COCRDLI,COCRDLI,z-business,L1-business-context/business-features/cocrdli.md,Y,Y,Y,N,batch-1,2026-08-25,"2 grounded, 3 unavailable, family C-fixed"
business_features::cocrdsl,1,feature:COCRDSL,COCRDSL,z-business,L1-business-context/business-features/cocrdsl.md,Y,Y,Y,N,batch-1,2026-08-25,"2 grounded, 3 unavailable, family C-fixed"
business_features::cocrdup,1,feature:COCRDUP,COCRDUP,z-business,L1-business-context/business-features/cocrdup.md,Y,Y,Y,N,batch-1,2026-08-25,"2 grounded, 3 unavailable, family C-fixed"
business_features::combtran-jcl,1,feature:COMBTRAN.jcl,COMBTRAN.jcl,z-business,L1-business-context/business-features/combtran-jcl.md,Y,Y,Y,N,batch-1,2026-08-25,"2 grounded, 3 unavailable, family C-fixed"
business_features::comen01,1,feature:COMEN01,COMEN01,z-business,L1-business-context/business-features/comen01.md,Y,Y,Y,N,batch-1,2026-08-25,"2 grounded, 3 unavailable, family C-fixed"
business_features::copau00,1,feature:COPAU00,COPAU00,z-business,L1-business-context/business-features/copau00.md,Y,Y,Y,N,batch-1,2026-08-25,"2 grounded, 3 unavailable, family C-fixed"
business_features::copau01,1,feature:COPAU01,COPAU01,z-business,L1-business-context/business-features/copau01.md,Y,Y,Y,N,batch-1,2026-08-25,"2 grounded, 3 unavailable, family C-fixed"
business_features::corpt00,1,feature:CORPT00,CORPT00,z-business,L1-business-context/business-features/corpt00.md,Y,Y,Y,N,batch-1,2026-08-25,"2 grounded, 3 unavailable, family C-fixed"
business_features::cosgn00,1,feature:COSGN00,COSGN00,z-business,L1-business-context/business-features/cosgn00.md,Y,Y,Y,N,batch-1,2026-08-25,"2 grounded, 3 unavailable, family C-fixed"
business_features::cotrn00,1,feature:COTRN00,COTRN00,z-business,L1-business-context/business-features/cotrn00.md,Y,Y,Y,N,batch-1,2026-08-25,"2 grounded, 3 unavailable, family C-fixed"
business_features::cotrn01,1,feature:COTRN01,COTRN01,z-business,L1-business-context/business-features/cotrn01.md,Y,Y,Y,N,batch-1,2026-08-25,"2 grounded, 3 unavailable, family C-fixed"
business_features::cotrn02,1,feature:COTRN02,COTRN02,z-business,L1-business-context/business-features/cotrn02.md,Y,Y,Y,N,batch-1,2026-08-25,"2 grounded, 3 unavailable, family C-fixed"
business_features::cotrtli,1,feature:COTRTLI,COTRTLI,z-business,L1-business-context/business-features/cotrtli.md,Y,Y,Y,N,batch-1,2026-08-25,"2 grounded, 3 unavailable, family C-fixed"
business_features::cotrtup,1,feature:COTRTUP,COTRTUP,z-business,L1-business-context/business-features/cotrtup.md,Y,Y,Y,N,batch-1,2026-08-25,"2 grounded, 3 unavailable, family C-fixed"
business_features::cousr00,1,feature:COUSR00,COUSR00,z-business,L1-business-context/business-features/cousr00.md,Y,Y,Y,N,batch-1,2026-08-25,"2 grounded, 3 unavailable, family C-fixed"
business_features::cousr01,1,feature:COUSR01,COUSR01,z-business,L1-business-context/business-features/cousr01.md,Y,Y,Y,N,batch-1,2026-08-25,"2 grounded, 3 unavailable, family C-fixed"
business_features::cousr02,1,feature:COUSR02,COUSR02,z-business,L1-business-context/business-features/cousr02.md,Y,Y,Y,N,batch-1,2026-08-25,"2 grounded, 3 unavailable, family C-fixed"
business_features::cousr03,1,feature:COUSR03,COUSR03,z-business,L1-business-context/business-features/cousr03.md,Y,Y,Y,N,batch-1,2026-08-25,"2 grounded, 3 unavailable, family C-fixed"
business_features::creadb21-jcl,1,feature:CREADB21.jcl,CREADB21.jcl,z-business,L1-business-context/business-features/creadb21-jcl.md,Y,Y,Y,N,batch-1,2026-08-25,"2 grounded, 3 unavailable, family C-fixed"
business_features::creastmt-jcl,1,feature:CREASTMT.JCL,CREASTMT.JCL,z-business,L1-business-context/business-features/creastmt-jcl.md,Y,Y,Y,N,batch-1,2026-08-25,"3 grounded, 2 unavailable, family C-fixed"
business_features::custfile-jcl,1,feature:CUSTFILE.jcl,CUSTFILE.jcl,z-business,L1-business-context/business-features/custfile-jcl.md,Y,Y,Y,N,batch-1,2026-08-25,"2 grounded, 3 unavailable, family C-fixed"
business_features::dalyrejs-jcl,1,feature:DALYREJS.jcl,DALYREJS.jcl,z-business,L1-business-context/business-features/dalyrejs-jcl.md,Y,Y,Y,N,batch-1,2026-08-25,"2 grounded, 3 unavailable, family C-fixed"
business_features::dbpautp0-jcl,1,feature:DBPAUTP0.jcl,DBPAUTP0.jcl,z-business,L1-business-context/business-features/dbpautp0-jcl.md,Y,Y,Y,N,batch-1,2026-08-25,"2 grounded, 3 unavailable, family C-fixed"
business_features::defcust-jcl,1,feature:DEFCUST.jcl,DEFCUST.jcl,z-business,L1-business-context/business-features/defcust-jcl.md,Y,Y,Y,N,batch-1,2026-08-25,"2 grounded, 3 unavailable, family C-fixed"
business_features::defgdgb-jcl,1,feature:DEFGDGB.jcl,DEFGDGB.jcl,z-business,L1-business-context/business-features/defgdgb-jcl.md,Y,Y,Y,N,batch-1,2026-08-25,"2 grounded, 3 unavailable, family C-fixed"
business_features::defgdgd-jcl,1,feature:DEFGDGD.jcl,DEFGDGD.jcl,z-business,L1-business-context/business-features/defgdgd-jcl.md,Y,Y,Y,N,batch-1,2026-08-25,"2 grounded, 3 unavailable, family C-fixed"
business_features::discgrp-jcl,1,feature:DISCGRP.jcl,DISCGRP.jcl,z-business,L1-business-context/business-features/discgrp-jcl.md,Y,Y,Y,N,batch-1,2026-08-25,"2 grounded, 3 unavailable, family C-fixed"
business_features::dusrsecj-jcl,1,feature:DUSRSECJ.jcl,DUSRSECJ.jcl,z-business,L1-business-context/business-features/dusrsecj-jcl.md,Y,Y,Y,N,batch-1,2026-08-25,"2 grounded, 3 unavailable, family C-fixed"
business_features::esdsrrds-jcl,1,feature:ESDSRRDS.jcl,ESDSRRDS.jcl,z-business,L1-business-context/business-features/esdsrrds-jcl.md,Y,Y,Y,N,batch-1,2026-08-25,"2 grounded, 3 unavailable, family C-fixed"
business_features::ftpjcl-jcl,1,feature:FTPJCL.JCL,FTPJCL.JCL,z-business,L1-business-context/business-features/ftpjcl-jcl.md,Y,Y,Y,N,batch-1,2026-08-25,"2 grounded, 3 unavailable, family C-fixed"
business_features::imsmqcmp-jcl,1,feature:IMSMQCMP.jcl,IMSMQCMP.jcl,z-business,L1-business-context/business-features/imsmqcmp-jcl.md,Y,Y,Y,N,batch-1,2026-08-25,"2 grounded, 3 unavailable, family C-fixed"
business_features::intcalc-jcl,1,feature:INTCALC.jcl,INTCALC.jcl,z-business,L1-business-context/business-features/intcalc-jcl.md,Y,Y,Y,N,batch-1,2026-08-25,"3 grounded, 2 unavailable, family C-fixed"
business_features::intrdrj1-jcl,1,feature:INTRDRJ1.JCL,INTRDRJ1.JCL,z-business,L1-business-context/business-features/intrdrj1-jcl.md,Y,Y,Y,N,batch-1,2026-08-25,"2 grounded, 3 unavailable, family C-fixed"
business_features::intrdrj2-jcl,1,feature:INTRDRJ2.JCL,INTRDRJ2.JCL,z-business,L1-business-context/business-features/intrdrj2-jcl.md,Y,Y,Y,N,batch-1,2026-08-25,"2 grounded, 3 unavailable, family C-fixed"
business_features::listcat-jcl,1,feature:LISTCAT.jcl,LISTCAT.jcl,z-business,L1-business-context/business-features/listcat-jcl.md,Y,Y,Y,N,batch-1,2026-08-25,"2 grounded, 3 unavailable, family C-fixed"
business_features::loadpadb-jcl,1,feature:LOADPADB.JCL,LOADPADB.JCL,z-business,L1-business-context/business-features/loadpadb-jcl.md,Y,Y,Y,N,batch-1,2026-08-25,"2 grounded, 3 unavailable, family C-fixed"
business_features::mnttrdb2-jcl,1,feature:MNTTRDB2.jcl,MNTTRDB2.jcl,z-business,L1-business-context/business-features/mnttrdb2-jcl.md,Y,Y,Y,N,batch-1,2026-08-25,"2 grounded, 3 unavailable, family C-fixed"
business_features::openfil-jcl,1,feature:OPENFIL.jcl,OPENFIL.jcl,z-business,L1-business-context/business-features/openfil-jcl.md,Y,Y,Y,N,batch-1,2026-08-25,"2 grounded, 3 unavailable, family C-fixed"
business_features::posttran-jcl,1,feature:POSTTRAN.jcl,POSTTRAN.jcl,z-business,L1-business-context/business-features/posttran-jcl.md,Y,Y,Y,N,batch-1,2026-08-25,"3 grounded, 2 unavailable, family C-fixed"
business_features::prtcatbl-jcl,1,feature:PRTCATBL.jcl,PRTCATBL.jcl,z-business,L1-business-context/business-features/prtcatbl-jcl.md,Y,Y,Y,N,batch-1,2026-08-25,"2 grounded, 3 unavailable, family C-fixed"
business_features::racfcmds-jcl,1,feature:RACFCMDS.jcl,RACFCMDS.jcl,z-business,L1-business-context/business-features/racfcmds-jcl.md,Y,Y,Y,N,batch-1,2026-08-25,"2 grounded, 3 unavailable, family C-fixed"
business_features::readacct-jcl,1,feature:READACCT.jcl,READACCT.jcl,z-business,L1-business-context/business-features/readacct-jcl.md,Y,Y,Y,N,batch-1,2026-08-25,"3 grounded, 2 unavailable, family C-fixed"
business_features::readcard-jcl,1,feature:READCARD.jcl,READCARD.jcl,z-business,L1-business-context/business-features/readcard-jcl.md,Y,Y,Y,N,batch-1,2026-08-25,"3 grounded, 2 unavailable, family C-fixed"
business_features::readcust-jcl,1,feature:READCUST.jcl,READCUST.jcl,z-business,L1-business-context/business-features/readcust-jcl.md,Y,Y,Y,N,batch-1,2026-08-25,"3 grounded, 2 unavailable, family C-fixed"
business_features::readxref-jcl,1,feature:READXREF.jcl,READXREF.jcl,z-business,L1-business-context/business-features/readxref-jcl.md,Y,Y,Y,N,batch-1,2026-08-25,"3 grounded, 2 unavailable, family C-fixed"
business_features::reproc-prc,1,feature:REPROC.prc,REPROC.prc,z-business,L1-business-context/business-features/reproc-prc.md,Y,Y,Y,N,batch-1,2026-08-25,"2 grounded, 3 unavailable, family C-fixed"
business_features::reprtest-jcl,1,feature:REPRTEST.jcl,REPRTEST.jcl,z-business,L1-business-context/business-features/reprtest-jcl.md,Y,Y,Y,N,batch-1,2026-08-25,"2 grounded, 3 unavailable, family C-fixed"
business_features::reptfile-jcl,1,feature:REPTFILE.jcl,REPTFILE.jcl,z-business,L1-business-context/business-features/reptfile-jcl.md,Y,Y,Y,N,batch-1,2026-08-25,"2 grounded, 3 unavailable, family C-fixed"
business_features::sorttest-jcl,1,feature:SORTTEST.jcl,SORTTEST.jcl,z-business,L1-business-context/business-features/sorttest-jcl.md,Y,Y,Y,N,batch-1,2026-08-25,"2 grounded, 3 unavailable, family C-fixed"
business_features::synpays,1,feature:SYNPAYS,SYNPAYS,z-business,L1-business-context/business-features/synpays.md,Y,Y,Y,N,batch-1,2026-08-25,"2 grounded, 3 unavailable, family C-fixed"
business_features::tcatbalf-jcl,1,feature:TCATBALF.jcl,TCATBALF.jcl,z-business,L1-business-context/business-features/tcatbalf-jcl.md,Y,Y,Y,N,batch-1,2026-08-25,"2 grounded, 3 unavailable, family C-fixed"
business_features::tranbkp-jcl,1,feature:TRANBKP.jcl,TRANBKP.jcl,z-business,L1-business-context/business-features/tranbkp-jcl.md,Y,Y,Y,N,batch-1,2026-08-25,"2 grounded, 3 unavailable, family C-fixed"
business_features::trancatg-jcl,1,feature:TRANCATG.jcl,TRANCATG.jcl,z-business,L1-business-context/business-features/trancatg-jcl.md,Y,Y,Y,N,batch-1,2026-08-25,"2 grounded, 3 unavailable, family C-fixed"
business_features::tranextr-jcl,1,feature:TRANEXTR.jcl,TRANEXTR.jcl,z-business,L1-business-context/business-features/tranextr-jcl.md,Y,Y,Y,N,batch-1,2026-08-25,"2 grounded, 3 unavailable, family C-fixed"
business_features::tranfile-jcl,1,feature:TRANFILE.jcl,TRANFILE.jcl,z-business,L1-business-context/business-features/tranfile-jcl.md,Y,Y,Y,N,batch-1,2026-08-25,"2 grounded, 3 unavailable, family C-fixed"
business_features::tranidx-jcl,1,feature:TRANIDX.jcl,TRANIDX.jcl,z-business,L1-business-context/business-features/tranidx-jcl.md,Y,Y,Y,N,batch-1,2026-08-25,"2 grounded, 3 unavailable, family C-fixed"
business_features::tranrept-jcl,1,feature:TRANREPT.jcl,TRANREPT.jcl,z-business,L1-business-context/business-features/tranrept-jcl.md,Y,Y,Y,N,batch-1,2026-08-25,"3 grounded, 2 unavailable, family C-fixed"
business_features::tranrept-prc,1,feature:TRANREPT.prc,TRANREPT.prc,z-business,L1-business-context/business-features/tranrept-prc.md,Y,Y,Y,N,batch-1,2026-08-25,"3 grounded, 2 unavailable, family C-fixed"
business_features::trantype-jcl,1,feature:TRANTYPE.jcl,TRANTYPE.jcl,z-business,L1-business-context/business-features/trantype-jcl.md,Y,Y,Y,N,batch-1,2026-08-25,"2 grounded, 3 unavailable, family C-fixed"
business_features::txt2pdf1-jcl,1,feature:TXT2PDF1.JCL,TXT2PDF1.JCL,z-business,L1-business-context/business-features/txt2pdf1-jcl.md,Y,Y,Y,N,batch-1,2026-08-25,"2 grounded, 3 unavailable, family C-fixed"
business_features::ungrouped-programs,1,feature:Ungrouped Programs,Ungrouped Programs,z-business,L1-business-context/business-features/ungrouped-programs.md,Y,Y,Y,N,batch-1,2026-08-25,"3 grounded, 2 unavailable, family C-fixed"
business_features::unldgsam-jcl,1,feature:UNLDGSAM.JCL,UNLDGSAM.JCL,z-business,L1-business-context/business-features/unldgsam-jcl.md,Y,Y,Y,N,batch-1,2026-08-25,"2 grounded, 3 unavailable, family C-fixed"
business_features::unldpadb-jcl,1,feature:UNLDPADB.JCL,UNLDPADB.JCL,z-business,L1-business-context/business-features/unldpadb-jcl.md,Y,Y,Y,N,batch-1,2026-08-25,"2 grounded, 3 unavailable, family C-fixed"
business_features::waitstep-jcl,1,feature:WAITSTEP.jcl,WAITSTEP.jcl,z-business,L1-business-context/business-features/waitstep-jcl.md,Y,Y,Y,N,batch-1,2026-08-25,"3 grounded, 2 unavailable, family C-fixed"
business_features::xreffile-jcl,1,feature:XREFFILE.jcl,XREFFILE.jcl,z-business,L1-business-context/business-features/xreffile-jcl.md,Y,Y,Y,N,batch-1,2026-08-25,"2 grounded, 3 unavailable, family C-fixed"
executive_summary,1,application,—,z-discovery,L1-business-context/executive-summary.md,Y,Y,Y,N,batch-1,2026-08-25,"2 grounded, 9 unavailable, family A-output-structure"
stakeholder_analysis,1,application,—,z-business,L1-business-context/stakeholder-analysis.md,Y,Y,Y,N,batch-1,2026-08-25,"1 grounded, 1 unavailable, family A-output-structure"
business_process,2,application,—,z-business,L2-business-documentation/business-process.md,Y,Y,Y,N,batch-1,2026-08-25,"1 grounded, 6 unavailable, family B-bold"
business_requirements,2,application,—,z-business,L2-business-documentation/business-requirements.md,Y,Y,Y,N,batch-1,2026-08-25,"0 grounded, 7 unavailable, family B-bold"
business_rules::acctfile-jcl,2,feature:ACCTFILE.jcl,ACCTFILE.jcl,z-module,L2-business-documentation/business-rules/acctfile-jcl.md,Y,Y,Y,N,batch-1,2026-08-25,"0 grounded, 6 unavailable, family B-bold"
business_rules::batcmp-jcl,2,feature:BATCMP.jcl,BATCMP.jcl,z-module,L2-business-documentation/business-rules/batcmp-jcl.md,Y,Y,Y,N,batch-1,2026-08-25,"0 grounded, 6 unavailable, family B-bold"
business_rules::bldcidb2-prc,2,feature:BLDCIDB2.prc,BLDCIDB2.prc,z-module,L2-business-documentation/business-rules/bldcidb2-prc.md,Y,Y,Y,N,batch-1,2026-08-25,"0 grounded, 6 unavailable, family B-bold"
business_rules::bmscmp-jcl,2,feature:BMSCMP.jcl,BMSCMP.jcl,z-module,L2-business-documentation/business-rules/bmscmp-jcl.md,Y,Y,Y,N,batch-1,2026-08-25,"0 grounded, 6 unavailable, family B-bold"
business_rules::buildbat-prc,2,feature:BUILDBAT.prc,BUILDBAT.prc,z-module,L2-business-documentation/business-rules/buildbat-prc.md,Y,Y,Y,N,batch-1,2026-08-25,"0 grounded, 6 unavailable, family B-bold"
business_rules::buildbms-prc,2,feature:BUILDBMS.prc,BUILDBMS.prc,z-module,L2-business-documentation/business-rules/buildbms-prc.md,Y,Y,Y,N,batch-1,2026-08-25,"0 grounded, 6 unavailable, family B-bold"
business_rules::buildonl-prc,2,feature:BUILDONL.prc,BUILDONL.prc,z-module,L2-business-documentation/business-rules/buildonl-prc.md,Y,Y,Y,N,batch-1,2026-08-25,"0 grounded, 6 unavailable, family B-bold"
business_rules::cardfile-jcl,2,feature:CARDFILE.jcl,CARDFILE.jcl,z-module,L2-business-documentation/business-rules/cardfile-jcl.md,Y,Y,Y,N,batch-1,2026-08-25,"0 grounded, 6 unavailable, family B-bold"
business_rules::cbadmcdj-jcl,2,feature:CBADMCDJ.jcl,CBADMCDJ.jcl,z-module,L2-business-documentation/business-rules/cbadmcdj-jcl.md,Y,Y,Y,N,batch-1,2026-08-25,"0 grounded, 6 unavailable, family B-bold"
business_rules::cbexport-jcl,2,feature:CBEXPORT.jcl,CBEXPORT.jcl,z-module,L2-business-documentation/business-rules/cbexport-jcl.md,Y,Y,Y,N,batch-1,2026-08-25,"1 grounded, 5 unavailable, family B-bold"
business_rules::cbimport-jcl,2,feature:CBIMPORT.jcl,CBIMPORT.jcl,z-module,L2-business-documentation/business-rules/cbimport-jcl.md,Y,Y,Y,N,batch-1,2026-08-25,"1 grounded, 5 unavailable, family B-bold"
business_rules::cbpaup0j-jcl,2,feature:CBPAUP0J.jcl,CBPAUP0J.jcl,z-module,L2-business-documentation/business-rules/cbpaup0j-jcl.md,Y,Y,Y,N,batch-1,2026-08-25,"0 grounded, 6 unavailable, family B-bold"
business_rules::ciccmp-jcl,2,feature:CICCMP.jcl,CICCMP.jcl,z-module,L2-business-documentation/business-rules/ciccmp-jcl.md,Y,Y,Y,N,batch-1,2026-08-25,"0 grounded, 6 unavailable, family B-bold"
business_rules::cicdbcmp-jcl,2,feature:CICDBCMP.jcl,CICDBCMP.jcl,z-module,L2-business-documentation/business-rules/cicdbcmp-jcl.md,Y,Y,Y,N,batch-1,2026-08-25,"0 grounded, 6 unavailable, family B-bold"
business_rules::closefil-jcl,2,feature:CLOSEFIL.jcl,CLOSEFIL.jcl,z-module,L2-business-documentation/business-rules/closefil-jcl.md,Y,Y,Y,N,batch-1,2026-08-25,"0 grounded, 6 unavailable, family B-bold"
business_rules::coactup,2,feature:COACTUP,COACTUP,z-module,L2-business-documentation/business-rules/coactup.md,Y,Y,Y,N,batch-1,2026-08-25,"0 grounded, 6 unavailable, family B-bold"
business_rules::coactvw,2,feature:COACTVW,COACTVW,z-module,L2-business-documentation/business-rules/coactvw.md,Y,Y,Y,N,batch-1,2026-08-25,"0 grounded, 6 unavailable, family B-bold"
business_rules::coadm01,2,feature:COADM01,COADM01,z-module,L2-business-documentation/business-rules/coadm01.md,Y,Y,Y,N,batch-1,2026-08-25,"0 grounded, 6 unavailable, family B-bold"
business_rules::cobil00,2,feature:COBIL00,COBIL00,z-module,L2-business-documentation/business-rules/cobil00.md,Y,Y,Y,N,batch-1,2026-08-25,"0 grounded, 6 unavailable, family B-bold"
business_rules::cocrdli,2,feature:COCRDLI,COCRDLI,z-module,L2-business-documentation/business-rules/cocrdli.md,Y,Y,Y,N,batch-1,2026-08-25,"0 grounded, 6 unavailable, family B-bold"
business_rules::cocrdsl,2,feature:COCRDSL,COCRDSL,z-module,L2-business-documentation/business-rules/cocrdsl.md,Y,Y,Y,N,batch-1,2026-08-25,"0 grounded, 6 unavailable, family B-bold"
business_rules::cocrdup,2,feature:COCRDUP,COCRDUP,z-module,L2-business-documentation/business-rules/cocrdup.md,Y,Y,Y,N,batch-1,2026-08-25,"0 grounded, 6 unavailable, family B-bold"
business_rules::combtran-jcl,2,feature:COMBTRAN.jcl,COMBTRAN.jcl,z-module,L2-business-documentation/business-rules/combtran-jcl.md,Y,Y,Y,N,batch-1,2026-08-25,"0 grounded, 6 unavailable, family B-bold"
business_rules::comen01,2,feature:COMEN01,COMEN01,z-module,L2-business-documentation/business-rules/comen01.md,Y,Y,Y,N,batch-1,2026-08-25,"0 grounded, 6 unavailable, family B-bold"
business_rules::copau00,2,feature:COPAU00,COPAU00,z-module,L2-business-documentation/business-rules/copau00.md,Y,Y,Y,N,batch-1,2026-08-25,"0 grounded, 6 unavailable, family B-bold"
business_rules::copau01,2,feature:COPAU01,COPAU01,z-module,L2-business-documentation/business-rules/copau01.md,Y,Y,Y,N,batch-1,2026-08-25,"0 grounded, 6 unavailable, family B-bold"
business_rules::corpt00,2,feature:CORPT00,CORPT00,z-module,L2-business-documentation/business-rules/corpt00.md,Y,Y,Y,N,batch-1,2026-08-25,"0 grounded, 6 unavailable, family B-bold"
business_rules::cosgn00,2,feature:COSGN00,COSGN00,z-module,L2-business-documentation/business-rules/cosgn00.md,Y,Y,Y,N,batch-1,2026-08-25,"0 grounded, 6 unavailable, family B-bold"
business_rules::cotrn00,2,feature:COTRN00,COTRN00,z-module,L2-business-documentation/business-rules/cotrn00.md,Y,Y,Y,N,batch-1,2026-08-25,"0 grounded, 6 unavailable, family B-bold"
business_rules::cotrn01,2,feature:COTRN01,COTRN01,z-module,L2-business-documentation/business-rules/cotrn01.md,Y,Y,Y,N,batch-1,2026-08-25,"0 grounded, 6 unavailable, family B-bold"
business_rules::cotrn02,2,feature:COTRN02,COTRN02,z-module,L2-business-documentation/business-rules/cotrn02.md,Y,Y,Y,N,batch-1,2026-08-25,"0 grounded, 6 unavailable, family B-bold"
business_rules::cotrtli,2,feature:COTRTLI,COTRTLI,z-module,L2-business-documentation/business-rules/cotrtli.md,Y,Y,Y,N,batch-1,2026-08-25,"0 grounded, 6 unavailable, family B-bold"
business_rules::cotrtup,2,feature:COTRTUP,COTRTUP,z-module,L2-business-documentation/business-rules/cotrtup.md,Y,Y,Y,N,batch-1,2026-08-25,"0 grounded, 6 unavailable, family B-bold"
business_rules::cousr00,2,feature:COUSR00,COUSR00,z-module,L2-business-documentation/business-rules/cousr00.md,Y,Y,Y,N,batch-1,2026-08-25,"0 grounded, 6 unavailable, family B-bold"
business_rules::cousr01,2,feature:COUSR01,COUSR01,z-module,L2-business-documentation/business-rules/cousr01.md,Y,Y,Y,N,batch-1,2026-08-25,"0 grounded, 6 unavailable, family B-bold"
business_rules::cousr02,2,feature:COUSR02,COUSR02,z-module,L2-business-documentation/business-rules/cousr02.md,Y,Y,Y,N,batch-1,2026-08-25,"0 grounded, 6 unavailable, family B-bold"
business_rules::cousr03,2,feature:COUSR03,COUSR03,z-module,L2-business-documentation/business-rules/cousr03.md,Y,Y,Y,N,batch-1,2026-08-25,"0 grounded, 6 unavailable, family B-bold"
business_rules::creadb21-jcl,2,feature:CREADB21.jcl,CREADB21.jcl,z-module,L2-business-documentation/business-rules/creadb21-jcl.md,Y,Y,Y,N,batch-1,2026-08-25,"0 grounded, 6 unavailable, family B-bold"
business_rules::creastmt-jcl,2,feature:CREASTMT.JCL,CREASTMT.JCL,z-module,L2-business-documentation/business-rules/creastmt-jcl.md,Y,Y,Y,N,batch-1,2026-08-25,"1 grounded, 5 unavailable, family B-bold"
business_rules::custfile-jcl,2,feature:CUSTFILE.jcl,CUSTFILE.jcl,z-module,L2-business-documentation/business-rules/custfile-jcl.md,Y,Y,Y,N,batch-1,2026-08-25,"0 grounded, 6 unavailable, family B-bold"
business_rules::dalyrejs-jcl,2,feature:DALYREJS.jcl,DALYREJS.jcl,z-module,L2-business-documentation/business-rules/dalyrejs-jcl.md,Y,Y,Y,N,batch-1,2026-08-25,"0 grounded, 6 unavailable, family B-bold"
business_rules::dbpautp0-jcl,2,feature:DBPAUTP0.jcl,DBPAUTP0.jcl,z-module,L2-business-documentation/business-rules/dbpautp0-jcl.md,Y,Y,Y,N,batch-1,2026-08-25,"0 grounded, 6 unavailable, family B-bold"
business_rules::defcust-jcl,2,feature:DEFCUST.jcl,DEFCUST.jcl,z-module,L2-business-documentation/business-rules/defcust-jcl.md,Y,Y,Y,N,batch-1,2026-08-25,"0 grounded, 6 unavailable, family B-bold"
business_rules::defgdgb-jcl,2,feature:DEFGDGB.jcl,DEFGDGB.jcl,z-module,L2-business-documentation/business-rules/defgdgb-jcl.md,Y,Y,Y,N,batch-1,2026-08-25,"0 grounded, 6 unavailable, family B-bold"
business_rules::defgdgd-jcl,2,feature:DEFGDGD.jcl,DEFGDGD.jcl,z-module,L2-business-documentation/business-rules/defgdgd-jcl.md,Y,Y,Y,N,batch-1,2026-08-25,"0 grounded, 6 unavailable, family B-bold"
business_rules::discgrp-jcl,2,feature:DISCGRP.jcl,DISCGRP.jcl,z-module,L2-business-documentation/business-rules/discgrp-jcl.md,Y,Y,Y,N,batch-1,2026-08-25,"0 grounded, 6 unavailable, family B-bold"
business_rules::dusrsecj-jcl,2,feature:DUSRSECJ.jcl,DUSRSECJ.jcl,z-module,L2-business-documentation/business-rules/dusrsecj-jcl.md,Y,Y,Y,N,batch-1,2026-08-25,"0 grounded, 6 unavailable, family B-bold"
business_rules::esdsrrds-jcl,2,feature:ESDSRRDS.jcl,ESDSRRDS.jcl,z-module,L2-business-documentation/business-rules/esdsrrds-jcl.md,Y,Y,Y,N,batch-1,2026-08-25,"0 grounded, 6 unavailable, family B-bold"
business_rules::ftpjcl-jcl,2,feature:FTPJCL.JCL,FTPJCL.JCL,z-module,L2-business-documentation/business-rules/ftpjcl-jcl.md,Y,Y,Y,N,batch-1,2026-08-25,"0 grounded, 6 unavailable, family B-bold"
business_rules::imsmqcmp-jcl,2,feature:IMSMQCMP.jcl,IMSMQCMP.jcl,z-module,L2-business-documentation/business-rules/imsmqcmp-jcl.md,Y,Y,Y,N,batch-1,2026-08-25,"0 grounded, 6 unavailable, family B-bold"
business_rules::intcalc-jcl,2,feature:INTCALC.jcl,INTCALC.jcl,z-module,L2-business-documentation/business-rules/intcalc-jcl.md,Y,Y,Y,N,batch-1,2026-08-25,"1 grounded, 5 unavailable, family B-bold"
business_rules::intrdrj1-jcl,2,feature:INTRDRJ1.JCL,INTRDRJ1.JCL,z-module,L2-business-documentation/business-rules/intrdrj1-jcl.md,Y,Y,Y,N,batch-1,2026-08-25,"0 grounded, 6 unavailable, family B-bold"
business_rules::intrdrj2-jcl,2,feature:INTRDRJ2.JCL,INTRDRJ2.JCL,z-module,L2-business-documentation/business-rules/intrdrj2-jcl.md,Y,Y,Y,N,batch-1,2026-08-25,"0 grounded, 6 unavailable, family B-bold"
business_rules::listcat-jcl,2,feature:LISTCAT.jcl,LISTCAT.jcl,z-module,L2-business-documentation/business-rules/listcat-jcl.md,Y,Y,Y,N,batch-1,2026-08-25,"0 grounded, 6 unavailable, family B-bold"
business_rules::loadpadb-jcl,2,feature:LOADPADB.JCL,LOADPADB.JCL,z-module,L2-business-documentation/business-rules/loadpadb-jcl.md,Y,Y,Y,N,batch-1,2026-08-25,"0 grounded, 6 unavailable, family B-bold"
business_rules::mnttrdb2-jcl,2,feature:MNTTRDB2.jcl,MNTTRDB2.jcl,z-module,L2-business-documentation/business-rules/mnttrdb2-jcl.md,Y,Y,Y,N,batch-1,2026-08-25,"0 grounded, 6 unavailable, family B-bold"
business_rules::openfil-jcl,2,feature:OPENFIL.jcl,OPENFIL.jcl,z-module,L2-business-documentation/business-rules/openfil-jcl.md,Y,Y,Y,N,batch-1,2026-08-25,"0 grounded, 6 unavailable, family B-bold"
business_rules::posttran-jcl,2,feature:POSTTRAN.jcl,POSTTRAN.jcl,z-module,L2-business-documentation/business-rules/posttran-jcl.md,Y,Y,Y,N,batch-1,2026-08-25,"1 grounded, 5 unavailable, family B-bold"
business_rules::prtcatbl-jcl,2,feature:PRTCATBL.jcl,PRTCATBL.jcl,z-module,L2-business-documentation/business-rules/prtcatbl-jcl.md,Y,Y,Y,N,batch-1,2026-08-25,"0 grounded, 6 unavailable, family B-bold"
business_rules::racfcmds-jcl,2,feature:RACFCMDS.jcl,RACFCMDS.jcl,z-module,L2-business-documentation/business-rules/racfcmds-jcl.md,Y,Y,Y,N,batch-1,2026-08-25,"0 grounded, 6 unavailable, family B-bold"
business_rules::readacct-jcl,2,feature:READACCT.jcl,READACCT.jcl,z-module,L2-business-documentation/business-rules/readacct-jcl.md,Y,Y,Y,N,batch-1,2026-08-25,"1 grounded, 5 unavailable, family B-bold"
business_rules::readcard-jcl,2,feature:READCARD.jcl,READCARD.jcl,z-module,L2-business-documentation/business-rules/readcard-jcl.md,Y,Y,Y,N,batch-1,2026-08-25,"1 grounded, 5 unavailable, family B-bold"
business_rules::readcust-jcl,2,feature:READCUST.jcl,READCUST.jcl,z-module,L2-business-documentation/business-rules/readcust-jcl.md,Y,Y,Y,N,batch-1,2026-08-25,"1 grounded, 5 unavailable, family B-bold"
business_rules::readxref-jcl,2,feature:READXREF.jcl,READXREF.jcl,z-module,L2-business-documentation/business-rules/readxref-jcl.md,Y,Y,Y,N,batch-1,2026-08-25,"1 grounded, 5 unavailable, family B-bold"
business_rules::reproc-prc,2,feature:REPROC.prc,REPROC.prc,z-module,L2-business-documentation/business-rules/reproc-prc.md,Y,Y,Y,N,batch-1,2026-08-25,"0 grounded, 6 unavailable, family B-bold"
business_rules::reprtest-jcl,2,feature:REPRTEST.jcl,REPRTEST.jcl,z-module,L2-business-documentation/business-rules/reprtest-jcl.md,Y,Y,Y,N,batch-1,2026-08-25,"0 grounded, 6 unavailable, family B-bold"
business_rules::reptfile-jcl,2,feature:REPTFILE.jcl,REPTFILE.jcl,z-module,L2-business-documentation/business-rules/reptfile-jcl.md,Y,Y,Y,N,batch-1,2026-08-25,"0 grounded, 6 unavailable, family B-bold"
business_rules::sorttest-jcl,2,feature:SORTTEST.jcl,SORTTEST.jcl,z-module,L2-business-documentation/business-rules/sorttest-jcl.md,Y,Y,Y,N,batch-1,2026-08-25,"0 grounded, 6 unavailable, family B-bold"
business_rules::synpays,2,feature:SYNPAYS,SYNPAYS,z-module,L2-business-documentation/business-rules/synpays.md,Y,Y,Y,N,batch-1,2026-08-25,"0 grounded, 6 unavailable, family B-bold"
business_rules::tcatbalf-jcl,2,feature:TCATBALF.jcl,TCATBALF.jcl,z-module,L2-business-documentation/business-rules/tcatbalf-jcl.md,Y,Y,Y,N,batch-1,2026-08-25,"0 grounded, 6 unavailable, family B-bold"
business_rules::tranbkp-jcl,2,feature:TRANBKP.jcl,TRANBKP.jcl,z-module,L2-business-documentation/business-rules/tranbkp-jcl.md,Y,Y,Y,N,batch-1,2026-08-25,"0 grounded, 6 unavailable, family B-bold"
business_rules::trancatg-jcl,2,feature:TRANCATG.jcl,TRANCATG.jcl,z-module,L2-business-documentation/business-rules/trancatg-jcl.md,Y,Y,Y,N,batch-1,2026-08-25,"0 grounded, 6 unavailable, family B-bold"
business_rules::tranextr-jcl,2,feature:TRANEXTR.jcl,TRANEXTR.jcl,z-module,L2-business-documentation/business-rules/tranextr-jcl.md,Y,Y,Y,N,batch-1,2026-08-25,"0 grounded, 6 unavailable, family B-bold"
business_rules::tranfile-jcl,2,feature:TRANFILE.jcl,TRANFILE.jcl,z-module,L2-business-documentation/business-rules/tranfile-jcl.md,Y,Y,Y,N,batch-1,2026-08-25,"0 grounded, 6 unavailable, family B-bold"
business_rules::tranidx-jcl,2,feature:TRANIDX.jcl,TRANIDX.jcl,z-module,L2-business-documentation/business-rules/tranidx-jcl.md,Y,Y,Y,N,batch-1,2026-08-25,"0 grounded, 6 unavailable, family B-bold"
business_rules::tranrept-jcl,2,feature:TRANREPT.jcl,TRANREPT.jcl,z-module,L2-business-documentation/business-rules/tranrept-jcl.md,Y,Y,Y,N,batch-1,2026-08-25,"1 grounded, 5 unavailable, family B-bold"
business_rules::tranrept-prc,2,feature:TRANREPT.prc,TRANREPT.prc,z-module,L2-business-documentation/business-rules/tranrept-prc.md,Y,Y,Y,N,batch-1,2026-08-25,"1 grounded, 5 unavailable, family B-bold"
business_rules::trantype-jcl,2,feature:TRANTYPE.jcl,TRANTYPE.jcl,z-module,L2-business-documentation/business-rules/trantype-jcl.md,Y,Y,Y,N,batch-1,2026-08-25,"0 grounded, 6 unavailable, family B-bold"
business_rules::txt2pdf1-jcl,2,feature:TXT2PDF1.JCL,TXT2PDF1.JCL,z-module,L2-business-documentation/business-rules/txt2pdf1-jcl.md,Y,Y,Y,N,batch-1,2026-08-25,"0 grounded, 6 unavailable, family B-bold"
business_rules::ungrouped-programs,2,feature:Ungrouped Programs,Ungrouped Programs,z-module,L2-business-documentation/business-rules/ungrouped-programs.md,Y,Y,Y,N,batch-1,2026-08-25,"1 grounded, 5 unavailable, family B-bold"
business_rules::unldgsam-jcl,2,feature:UNLDGSAM.JCL,UNLDGSAM.JCL,z-module,L2-business-documentation/business-rules/unldgsam-jcl.md,Y,Y,Y,N,batch-1,2026-08-25,"0 grounded, 6 unavailable, family B-bold"
business_rules::unldpadb-jcl,2,feature:UNLDPADB.JCL,UNLDPADB.JCL,z-module,L2-business-documentation/business-rules/unldpadb-jcl.md,Y,Y,Y,N,batch-1,2026-08-25,"0 grounded, 6 unavailable, family B-bold"
business_rules::waitstep-jcl,2,feature:WAITSTEP.jcl,WAITSTEP.jcl,z-module,L2-business-documentation/business-rules/waitstep-jcl.md,Y,Y,Y,N,batch-1,2026-08-25,"0 grounded, 6 unavailable, family B-bold"
business_rules::xreffile-jcl,2,feature:XREFFILE.jcl,XREFFILE.jcl,z-module,L2-business-documentation/business-rules/xreffile-jcl.md,Y,Y,Y,N,batch-1,2026-08-25,"0 grounded, 6 unavailable, family B-bold"
feature_catalog::acctfile-jcl,2,feature:ACCTFILE.jcl,ACCTFILE.jcl,z-business,L2-business-documentation/feature-catalog/acctfile-jcl.md,Y,Y,Y,N,batch-1,2026-08-25,"1 grounded, 7 unavailable, family B-bold"
feature_catalog::batcmp-jcl,2,feature:BATCMP.jcl,BATCMP.jcl,z-business,L2-business-documentation/feature-catalog/batcmp-jcl.md,Y,Y,Y,N,batch-1,2026-08-25,"1 grounded, 7 unavailable, family B-bold"
feature_catalog::bldcidb2-prc,2,feature:BLDCIDB2.prc,BLDCIDB2.prc,z-business,L2-business-documentation/feature-catalog/bldcidb2-prc.md,Y,Y,Y,N,batch-1,2026-08-25,"1 grounded, 7 unavailable, family B-bold"
feature_catalog::bmscmp-jcl,2,feature:BMSCMP.jcl,BMSCMP.jcl,z-business,L2-business-documentation/feature-catalog/bmscmp-jcl.md,Y,Y,Y,N,batch-1,2026-08-25,"1 grounded, 7 unavailable, family B-bold"
feature_catalog::buildbat-prc,2,feature:BUILDBAT.prc,BUILDBAT.prc,z-business,L2-business-documentation/feature-catalog/buildbat-prc.md,Y,Y,Y,N,batch-1,2026-08-25,"1 grounded, 7 unavailable, family B-bold"
feature_catalog::buildbms-prc,2,feature:BUILDBMS.prc,BUILDBMS.prc,z-business,L2-business-documentation/feature-catalog/buildbms-prc.md,Y,Y,Y,N,batch-1,2026-08-25,"1 grounded, 7 unavailable, family B-bold"
feature_catalog::buildonl-prc,2,feature:BUILDONL.prc,BUILDONL.prc,z-business,L2-business-documentation/feature-catalog/buildonl-prc.md,Y,Y,Y,N,batch-1,2026-08-25,"1 grounded, 7 unavailable, family B-bold"
feature_catalog::cardfile-jcl,2,feature:CARDFILE.jcl,CARDFILE.jcl,z-business,L2-business-documentation/feature-catalog/cardfile-jcl.md,Y,Y,Y,N,batch-1,2026-08-25,"1 grounded, 7 unavailable, family B-bold"
feature_catalog::cbadmcdj-jcl,2,feature:CBADMCDJ.jcl,CBADMCDJ.jcl,z-business,L2-business-documentation/feature-catalog/cbadmcdj-jcl.md,Y,Y,Y,N,batch-1,2026-08-25,"1 grounded, 7 unavailable, family B-bold"
feature_catalog::cbexport-jcl,2,feature:CBEXPORT.jcl,CBEXPORT.jcl,z-business,L2-business-documentation/feature-catalog/cbexport-jcl.md,Y,Y,Y,N,batch-1,2026-08-25,"1 grounded, 7 unavailable, family B-bold"
feature_catalog::cbimport-jcl,2,feature:CBIMPORT.jcl,CBIMPORT.jcl,z-business,L2-business-documentation/feature-catalog/cbimport-jcl.md,Y,Y,Y,N,batch-1,2026-08-25,"1 grounded, 7 unavailable, family B-bold"
feature_catalog::cbpaup0j-jcl,2,feature:CBPAUP0J.jcl,CBPAUP0J.jcl,z-business,L2-business-documentation/feature-catalog/cbpaup0j-jcl.md,Y,Y,Y,N,batch-1,2026-08-25,"1 grounded, 7 unavailable, family B-bold"
feature_catalog::ciccmp-jcl,2,feature:CICCMP.jcl,CICCMP.jcl,z-business,L2-business-documentation/feature-catalog/ciccmp-jcl.md,Y,Y,Y,N,batch-1,2026-08-25,"1 grounded, 7 unavailable, family B-bold"
feature_catalog::cicdbcmp-jcl,2,feature:CICDBCMP.jcl,CICDBCMP.jcl,z-business,L2-business-documentation/feature-catalog/cicdbcmp-jcl.md,Y,Y,Y,N,batch-1,2026-08-25,"1 grounded, 7 unavailable, family B-bold"
feature_catalog::closefil-jcl,2,feature:CLOSEFIL.jcl,CLOSEFIL.jcl,z-business,L2-business-documentation/feature-catalog/closefil-jcl.md,Y,Y,Y,N,batch-1,2026-08-25,"1 grounded, 7 unavailable, family B-bold"
feature_catalog::coactup,2,feature:COACTUP,COACTUP,z-business,L2-business-documentation/feature-catalog/coactup.md,Y,Y,Y,N,batch-1,2026-08-25,"1 grounded, 7 unavailable, family B-bold"
feature_catalog::coactvw,2,feature:COACTVW,COACTVW,z-business,L2-business-documentation/feature-catalog/coactvw.md,Y,Y,Y,N,batch-1,2026-08-25,"1 grounded, 7 unavailable, family B-bold"
feature_catalog::coadm01,2,feature:COADM01,COADM01,z-business,L2-business-documentation/feature-catalog/coadm01.md,Y,Y,Y,N,batch-1,2026-08-25,"1 grounded, 7 unavailable, family B-bold"
feature_catalog::cobil00,2,feature:COBIL00,COBIL00,z-business,L2-business-documentation/feature-catalog/cobil00.md,Y,Y,Y,N,batch-1,2026-08-25,"1 grounded, 7 unavailable, family B-bold"
feature_catalog::cocrdli,2,feature:COCRDLI,COCRDLI,z-business,L2-business-documentation/feature-catalog/cocrdli.md,Y,Y,Y,N,batch-1,2026-08-25,"1 grounded, 7 unavailable, family B-bold"
feature_catalog::cocrdsl,2,feature:COCRDSL,COCRDSL,z-business,L2-business-documentation/feature-catalog/cocrdsl.md,Y,Y,Y,N,batch-1,2026-08-25,"1 grounded, 7 unavailable, family B-bold"
feature_catalog::cocrdup,2,feature:COCRDUP,COCRDUP,z-business,L2-business-documentation/feature-catalog/cocrdup.md,Y,Y,Y,N,batch-1,2026-08-25,"1 grounded, 7 unavailable, family B-bold"
feature_catalog::combtran-jcl,2,feature:COMBTRAN.jcl,COMBTRAN.jcl,z-business,L2-business-documentation/feature-catalog/combtran-jcl.md,Y,Y,Y,N,batch-1,2026-08-25,"1 grounded, 7 unavailable, family B-bold"
feature_catalog::comen01,2,feature:COMEN01,COMEN01,z-business,L2-business-documentation/feature-catalog/comen01.md,Y,Y,Y,N,batch-1,2026-08-25,"1 grounded, 7 unavailable, family B-bold"
feature_catalog::copau00,2,feature:COPAU00,COPAU00,z-business,L2-business-documentation/feature-catalog/copau00.md,Y,Y,Y,N,batch-1,2026-08-25,"1 grounded, 7 unavailable, family B-bold"
feature_catalog::copau01,2,feature:COPAU01,COPAU01,z-business,L2-business-documentation/feature-catalog/copau01.md,Y,Y,Y,N,batch-1,2026-08-25,"1 grounded, 7 unavailable, family B-bold"
feature_catalog::corpt00,2,feature:CORPT00,CORPT00,z-business,L2-business-documentation/feature-catalog/corpt00.md,Y,Y,Y,N,batch-1,2026-08-25,"1 grounded, 7 unavailable, family B-bold"
feature_catalog::cosgn00,2,feature:COSGN00,COSGN00,z-business,L2-business-documentation/feature-catalog/cosgn00.md,Y,Y,Y,N,batch-1,2026-08-25,"1 grounded, 7 unavailable, family B-bold"
feature_catalog::cotrn00,2,feature:COTRN00,COTRN00,z-business,L2-business-documentation/feature-catalog/cotrn00.md,Y,Y,Y,N,batch-1,2026-08-25,"1 grounded, 7 unavailable, family B-bold"
feature_catalog::cotrn01,2,feature:COTRN01,COTRN01,z-business,L2-business-documentation/feature-catalog/cotrn01.md,Y,Y,Y,N,batch-1,2026-08-25,"1 grounded, 7 unavailable, family B-bold"
feature_catalog::cotrn02,2,feature:COTRN02,COTRN02,z-business,L2-business-documentation/feature-catalog/cotrn02.md,Y,Y,Y,N,batch-1,2026-08-25,"1 grounded, 7 unavailable, family B-bold"
feature_catalog::cotrtli,2,feature:COTRTLI,COTRTLI,z-business,L2-business-documentation/feature-catalog/cotrtli.md,Y,Y,Y,N,batch-1,2026-08-25,"1 grounded, 7 unavailable, family B-bold"
feature_catalog::cotrtup,2,feature:COTRTUP,COTRTUP,z-business,L2-business-documentation/feature-catalog/cotrtup.md,Y,Y,Y,N,batch-1,2026-08-25,"1 grounded, 7 unavailable, family B-bold"
feature_catalog::cousr00,2,feature:COUSR00,COUSR00,z-business,L2-business-documentation/feature-catalog/cousr00.md,Y,Y,Y,N,batch-1,2026-08-25,"1 grounded, 7 unavailable, family B-bold"
feature_catalog::cousr01,2,feature:COUSR01,COUSR01,z-business,L2-business-documentation/feature-catalog/cousr01.md,Y,Y,Y,N,batch-1,2026-08-25,"1 grounded, 7 unavailable, family B-bold"
feature_catalog::cousr02,2,feature:COUSR02,COUSR02,z-business,L2-business-documentation/feature-catalog/cousr02.md,Y,Y,Y,N,batch-1,2026-08-25,"1 grounded, 7 unavailable, family B-bold"
feature_catalog::cousr03,2,feature:COUSR03,COUSR03,z-business,L2-business-documentation/feature-catalog/cousr03.md,Y,Y,Y,N,batch-1,2026-08-25,"1 grounded, 7 unavailable, family B-bold"
feature_catalog::creadb21-jcl,2,feature:CREADB21.jcl,CREADB21.jcl,z-business,L2-business-documentation/feature-catalog/creadb21-jcl.md,Y,Y,Y,N,batch-1,2026-08-25,"1 grounded, 7 unavailable, family B-bold"
feature_catalog::creastmt-jcl,2,feature:CREASTMT.JCL,CREASTMT.JCL,z-business,L2-business-documentation/feature-catalog/creastmt-jcl.md,Y,Y,Y,N,batch-1,2026-08-25,"1 grounded, 7 unavailable, family B-bold"
feature_catalog::custfile-jcl,2,feature:CUSTFILE.jcl,CUSTFILE.jcl,z-business,L2-business-documentation/feature-catalog/custfile-jcl.md,Y,Y,Y,N,batch-1,2026-08-25,"1 grounded, 7 unavailable, family B-bold"
feature_catalog::dalyrejs-jcl,2,feature:DALYREJS.jcl,DALYREJS.jcl,z-business,L2-business-documentation/feature-catalog/dalyrejs-jcl.md,Y,Y,Y,N,batch-1,2026-08-25,"1 grounded, 7 unavailable, family B-bold"
feature_catalog::dbpautp0-jcl,2,feature:DBPAUTP0.jcl,DBPAUTP0.jcl,z-business,L2-business-documentation/feature-catalog/dbpautp0-jcl.md,Y,Y,Y,N,batch-1,2026-08-25,"1 grounded, 7 unavailable, family B-bold"
feature_catalog::defcust-jcl,2,feature:DEFCUST.jcl,DEFCUST.jcl,z-business,L2-business-documentation/feature-catalog/defcust-jcl.md,Y,Y,Y,N,batch-1,2026-08-25,"1 grounded, 7 unavailable, family B-bold"
feature_catalog::defgdgb-jcl,2,feature:DEFGDGB.jcl,DEFGDGB.jcl,z-business,L2-business-documentation/feature-catalog/defgdgb-jcl.md,Y,Y,Y,N,batch-1,2026-08-25,"1 grounded, 7 unavailable, family B-bold"
feature_catalog::defgdgd-jcl,2,feature:DEFGDGD.jcl,DEFGDGD.jcl,z-business,L2-business-documentation/feature-catalog/defgdgd-jcl.md,Y,Y,Y,N,batch-1,2026-08-25,"1 grounded, 7 unavailable, family B-bold"
feature_catalog::discgrp-jcl,2,feature:DISCGRP.jcl,DISCGRP.jcl,z-business,L2-business-documentation/feature-catalog/discgrp-jcl.md,Y,Y,Y,N,batch-1,2026-08-25,"1 grounded, 7 unavailable, family B-bold"
feature_catalog::dusrsecj-jcl,2,feature:DUSRSECJ.jcl,DUSRSECJ.jcl,z-business,L2-business-documentation/feature-catalog/dusrsecj-jcl.md,Y,Y,Y,N,batch-1,2026-08-25,"1 grounded, 7 unavailable, family B-bold"
feature_catalog::esdsrrds-jcl,2,feature:ESDSRRDS.jcl,ESDSRRDS.jcl,z-business,L2-business-documentation/feature-catalog/esdsrrds-jcl.md,Y,Y,Y,N,batch-1,2026-08-25,"1 grounded, 7 unavailable, family B-bold"
feature_catalog::ftpjcl-jcl,2,feature:FTPJCL.JCL,FTPJCL.JCL,z-business,L2-business-documentation/feature-catalog/ftpjcl-jcl.md,Y,Y,Y,N,batch-1,2026-08-25,"1 grounded, 7 unavailable, family B-bold"
feature_catalog::imsmqcmp-jcl,2,feature:IMSMQCMP.jcl,IMSMQCMP.jcl,z-business,L2-business-documentation/feature-catalog/imsmqcmp-jcl.md,Y,Y,Y,N,batch-1,2026-08-25,"1 grounded, 7 unavailable, family B-bold"
feature_catalog::intcalc-jcl,2,feature:INTCALC.jcl,INTCALC.jcl,z-business,L2-business-documentation/feature-catalog/intcalc-jcl.md,Y,Y,Y,N,batch-1,2026-08-25,"1 grounded, 7 unavailable, family B-bold"
feature_catalog::intrdrj1-jcl,2,feature:INTRDRJ1.JCL,INTRDRJ1.JCL,z-business,L2-business-documentation/feature-catalog/intrdrj1-jcl.md,Y,Y,Y,N,batch-1,2026-08-25,"1 grounded, 7 unavailable, family B-bold"
feature_catalog::intrdrj2-jcl,2,feature:INTRDRJ2.JCL,INTRDRJ2.JCL,z-business,L2-business-documentation/feature-catalog/intrdrj2-jcl.md,Y,Y,Y,N,batch-1,2026-08-25,"1 grounded, 7 unavailable, family B-bold"
feature_catalog::listcat-jcl,2,feature:LISTCAT.jcl,LISTCAT.jcl,z-business,L2-business-documentation/feature-catalog/listcat-jcl.md,Y,Y,Y,N,batch-1,2026-08-25,"1 grounded, 7 unavailable, family B-bold"
feature_catalog::loadpadb-jcl,2,feature:LOADPADB.JCL,LOADPADB.JCL,z-business,L2-business-documentation/feature-catalog/loadpadb-jcl.md,Y,Y,Y,N,batch-1,2026-08-25,"1 grounded, 7 unavailable, family B-bold"
feature_catalog::mnttrdb2-jcl,2,feature:MNTTRDB2.jcl,MNTTRDB2.jcl,z-business,L2-business-documentation/feature-catalog/mnttrdb2-jcl.md,Y,Y,Y,N,batch-1,2026-08-25,"1 grounded, 7 unavailable, family B-bold"
feature_catalog::openfil-jcl,2,feature:OPENFIL.jcl,OPENFIL.jcl,z-business,L2-business-documentation/feature-catalog/openfil-jcl.md,Y,Y,Y,N,batch-1,2026-08-25,"1 grounded, 7 unavailable, family B-bold"
feature_catalog::posttran-jcl,2,feature:POSTTRAN.jcl,POSTTRAN.jcl,z-business,L2-business-documentation/feature-catalog/posttran-jcl.md,Y,Y,Y,N,batch-1,2026-08-25,"1 grounded, 7 unavailable, family B-bold"
feature_catalog::prtcatbl-jcl,2,feature:PRTCATBL.jcl,PRTCATBL.jcl,z-business,L2-business-documentation/feature-catalog/prtcatbl-jcl.md,Y,Y,Y,N,batch-1,2026-08-25,"1 grounded, 7 unavailable, family B-bold"
feature_catalog::racfcmds-jcl,2,feature:RACFCMDS.jcl,RACFCMDS.jcl,z-business,L2-business-documentation/feature-catalog/racfcmds-jcl.md,Y,Y,Y,N,batch-1,2026-08-25,"1 grounded, 7 unavailable, family B-bold"
feature_catalog::readacct-jcl,2,feature:READACCT.jcl,READACCT.jcl,z-business,L2-business-documentation/feature-catalog/readacct-jcl.md,Y,Y,Y,N,batch-1,2026-08-25,"1 grounded, 7 unavailable, family B-bold"
feature_catalog::readcard-jcl,2,feature:READCARD.jcl,READCARD.jcl,z-business,L2-business-documentation/feature-catalog/readcard-jcl.md,Y,Y,Y,N,batch-1,2026-08-25,"1 grounded, 7 unavailable, family B-bold"
feature_catalog::readcust-jcl,2,feature:READCUST.jcl,READCUST.jcl,z-business,L2-business-documentation/feature-catalog/readcust-jcl.md,Y,Y,Y,N,batch-1,2026-08-25,"1 grounded, 7 unavailable, family B-bold"
feature_catalog::readxref-jcl,2,feature:READXREF.jcl,READXREF.jcl,z-business,L2-business-documentation/feature-catalog/readxref-jcl.md,Y,Y,Y,N,batch-1,2026-08-25,"1 grounded, 7 unavailable, family B-bold"
feature_catalog::reproc-prc,2,feature:REPROC.prc,REPROC.prc,z-business,L2-business-documentation/feature-catalog/reproc-prc.md,Y,Y,Y,N,batch-1,2026-08-25,"1 grounded, 7 unavailable, family B-bold"
feature_catalog::reprtest-jcl,2,feature:REPRTEST.jcl,REPRTEST.jcl,z-business,L2-business-documentation/feature-catalog/reprtest-jcl.md,Y,Y,Y,N,batch-1,2026-08-25,"1 grounded, 7 unavailable, family B-bold"
feature_catalog::reptfile-jcl,2,feature:REPTFILE.jcl,REPTFILE.jcl,z-business,L2-business-documentation/feature-catalog/reptfile-jcl.md,Y,Y,Y,N,batch-1,2026-08-25,"1 grounded, 7 unavailable, family B-bold"
feature_catalog::sorttest-jcl,2,feature:SORTTEST.jcl,SORTTEST.jcl,z-business,L2-business-documentation/feature-catalog/sorttest-jcl.md,Y,Y,Y,N,batch-1,2026-08-25,"1 grounded, 7 unavailable, family B-bold"
feature_catalog::synpays,2,feature:SYNPAYS,SYNPAYS,z-business,L2-business-documentation/feature-catalog/synpays.md,Y,Y,Y,N,batch-1,2026-08-25,"1 grounded, 7 unavailable, family B-bold"
feature_catalog::tcatbalf-jcl,2,feature:TCATBALF.jcl,TCATBALF.jcl,z-business,L2-business-documentation/feature-catalog/tcatbalf-jcl.md,Y,Y,Y,N,batch-1,2026-08-25,"1 grounded, 7 unavailable, family B-bold"
feature_catalog::tranbkp-jcl,2,feature:TRANBKP.jcl,TRANBKP.jcl,z-business,L2-business-documentation/feature-catalog/tranbkp-jcl.md,Y,Y,Y,N,batch-1,2026-08-25,"1 grounded, 7 unavailable, family B-bold"
feature_catalog::trancatg-jcl,2,feature:TRANCATG.jcl,TRANCATG.jcl,z-business,L2-business-documentation/feature-catalog/trancatg-jcl.md,Y,Y,Y,N,batch-1,2026-08-25,"1 grounded, 7 unavailable, family B-bold"
feature_catalog::tranextr-jcl,2,feature:TRANEXTR.jcl,TRANEXTR.jcl,z-business,L2-business-documentation/feature-catalog/tranextr-jcl.md,Y,Y,Y,N,batch-1,2026-08-25,"1 grounded, 7 unavailable, family B-bold"
feature_catalog::tranfile-jcl,2,feature:TRANFILE.jcl,TRANFILE.jcl,z-business,L2-business-documentation/feature-catalog/tranfile-jcl.md,Y,Y,Y,N,batch-1,2026-08-25,"1 grounded, 7 unavailable, family B-bold"
feature_catalog::tranidx-jcl,2,feature:TRANIDX.jcl,TRANIDX.jcl,z-business,L2-business-documentation/feature-catalog/tranidx-jcl.md,Y,Y,Y,N,batch-1,2026-08-25,"1 grounded, 7 unavailable, family B-bold"
feature_catalog::tranrept-jcl,2,feature:TRANREPT.jcl,TRANREPT.jcl,z-business,L2-business-documentation/feature-catalog/tranrept-jcl.md,Y,Y,Y,N,batch-1,2026-08-25,"1 grounded, 7 unavailable, family B-bold"
feature_catalog::tranrept-prc,2,feature:TRANREPT.prc,TRANREPT.prc,z-business,L2-business-documentation/feature-catalog/tranrept-prc.md,Y,Y,Y,N,batch-1,2026-08-25,"1 grounded, 7 unavailable, family B-bold"
feature_catalog::trantype-jcl,2,feature:TRANTYPE.jcl,TRANTYPE.jcl,z-business,L2-business-documentation/feature-catalog/trantype-jcl.md,Y,Y,Y,N,batch-1,2026-08-25,"1 grounded, 7 unavailable, family B-bold"
feature_catalog::txt2pdf1-jcl,2,feature:TXT2PDF1.JCL,TXT2PDF1.JCL,z-business,L2-business-documentation/feature-catalog/txt2pdf1-jcl.md,Y,Y,Y,N,batch-1,2026-08-25,"1 grounded, 7 unavailable, family B-bold"
feature_catalog::ungrouped-programs,2,feature:Ungrouped Programs,Ungrouped Programs,z-business,L2-business-documentation/feature-catalog/ungrouped-programs.md,Y,Y,Y,N,batch-1,2026-08-25,"1 grounded, 7 unavailable, family B-bold"
feature_catalog::unldgsam-jcl,2,feature:UNLDGSAM.JCL,UNLDGSAM.JCL,z-business,L2-business-documentation/feature-catalog/unldgsam-jcl.md,Y,Y,Y,N,batch-1,2026-08-25,"1 grounded, 7 unavailable, family B-bold"
feature_catalog::unldpadb-jcl,2,feature:UNLDPADB.JCL,UNLDPADB.JCL,z-business,L2-business-documentation/feature-catalog/unldpadb-jcl.md,Y,Y,Y,N,batch-1,2026-08-25,"1 grounded, 7 unavailable, family B-bold"
feature_catalog::waitstep-jcl,2,feature:WAITSTEP.jcl,WAITSTEP.jcl,z-business,L2-business-documentation/feature-catalog/waitstep-jcl.md,Y,Y,Y,N,batch-1,2026-08-25,"1 grounded, 7 unavailable, family B-bold"
feature_catalog::xreffile-jcl,2,feature:XREFFILE.jcl,XREFFILE.jcl,z-business,L2-business-documentation/feature-catalog/xreffile-jcl.md,Y,Y,Y,N,batch-1,2026-08-25,"1 grounded, 7 unavailable, family B-bold"
user_stories,2,application,—,z-business,L2-business-documentation/user-stories.md,Y,Y,Y,N,batch-1,2026-08-25,"0 grounded, 6 unavailable, family B-bold"
build_deployment,3,application,—,z-operations,L3-technical-documentation/build-deployment.md,Y,Y,Y,N,batch-1,2026-08-25,"3 grounded, 2 unavailable, family B-bold"
code_structure,3,application,—,z-module,L3-technical-documentation/code-structure.md,Y,Y,Y,N,batch-1,2026-08-25,"2 grounded, 3 unavailable, family B-bold"
system_architecture,3,application,—,z-structure,L3-technical-documentation/system-architecture.md,Y,Y,Y,N,batch-1,2026-08-25,"6 grounded, 0 unavailable, family B-bold"
technical_specs,3,application,—,z-module,L3-technical-documentation/technical-specs.md,Y,Y,Y,N,batch-1,2026-08-25,"4 grounded, 1 unavailable, family B-bold"
architecture_decisions,4,application,—,z-structure,L4-design/architecture-decisions.md,Y,Y,Y,N,batch-1,2026-08-25,"2 grounded, 4 unavailable, family C-fixed"
component_design,4,application,—,z-module,L4-design/component-design.md,Y,Y,Y,N,batch-1,2026-08-25,"3 grounded, 2 unavailable, family B-bold"
security_architecture,4,application,—,z-quality,L4-design/security-architecture.md,Y,Y,Y,N,batch-1,2026-08-25,"0 grounded, 5 unavailable, family B-bold"
data_dictionary,5,application,—,z-data,L5-data/data-dictionary.md,Y,Y,Y,N,batch-1,2026-08-25,"0 grounded, 5 unavailable, family B-bold"
data_lineage,5,application,—,z-data,L5-data/data-lineage.md,Y,Y,Y,N,batch-1,2026-08-25,"1 grounded, 5 unavailable, family B-bold"
database_schema_full,5,application,—,z-data,L5-data/database-schema-full.md,Y,Y,Y,N,batch-1,2026-08-25,"0 grounded, 5 unavailable, family B-bold"
api_documentation,6,application,—,z-api,L6-integration/api-documentation.md,Y,Y,Y,N,batch-1,2026-08-25,"3 grounded, 3 unavailable, family B-bold"
integration_architecture,6,application,—,z-integration,L6-integration/integration-architecture.md,Y,Y,Y,N,batch-1,2026-08-25,"4 grounded, 1 unavailable, family B-bold"
message_specs,6,application,—,z-integration,L6-integration/message-specs.md,Y,Y,Y,N,batch-1,2026-08-25,"1 grounded, 4 unavailable, family B-bold"
disaster_recovery,7,application,—,z-operations,L7-operations/disaster-recovery.md,Y,Y,Y,N,batch-1,2026-08-25,"1 grounded, 5 unavailable, family B-bold"
monitoring_alerting,7,application,—,z-operations,L7-operations/monitoring-alerting.md,Y,Y,Y,N,batch-1,2026-08-25,"2 grounded, 4 unavailable, family B-bold"
operations_manual,7,application,—,z-operations,L7-operations/operations-manual.md,Y,Y,Y,N,batch-1,2026-08-25,"3 grounded, 3 unavailable, family B-bold"
gap_analysis,8,application,—,z-structure,L8-modernization/gap-analysis.md,Y,Y,Y,N,batch-1,2026-08-25,"1 grounded, 5 unavailable, family B-bold"
migration_roadmap,8,application,—,z-structure,L8-modernization/migration-roadmap.md,Y,Y,Y,N,batch-1,2026-08-25,"0 grounded, 8 unavailable, family B-bold"
modernization_strategy,8,application,—,z-structure,L8-modernization/modernization-strategy.md,Y,Y,Y,N,batch-1,2026-08-25,"0 grounded, 6 unavailable, family B-bold"
target_architecture,8,application,—,z-structure,L8-modernization/target-architecture.md,Y,Y,Y,N,batch-1,2026-08-25,"2 grounded, 5 unavailable, family B-bold"
